email,area,categoria,curso,horas_capacitacao,status_capacitacao,nota,concluido_em
claudio.muller@twygo.com,Sucesso do Cliente,Lideranca,Feedback e desenvolvimento,8,Em andamento,5.5,2026-03-24
pessoa10@anonimizado.com,Atendimento,Qualidade,Boas praticas digitais,10,Em andamento,5.2,2026-04-20
andressa.pellanda@twygo.com,Marketing,Seguranca,LGPD na pratica,10,Concluido,7.6,2026-03-17
heitor.passos@twygo.com,Sem area no perfil,Processos,Melhoria continua,16,Concluido,8.6,2026-05-19
michelle.bruehmueller@twygo.com,Financeiro,Processos,Melhoria continua,8,Concluido,8.2,2026-07-08
vinicius.lisboa@twygo.com,Sustentação,Onboarding,Trilha boas-vindas,8,Concluido,7.9,2026-05-13
teste@teste.com.br,Sem area no perfil,Produto,Desenho de solucoes,4,Concluido,9.8,2026-08-11
andressa.pellanda@twygo.com,Marketing,Processos,Cadastro e governanca,4,Em andamento,6.7,2026-08-10
jessica.woiciski@twygo.com,Recursos Humanos,Produto,Desenho de solucoes,4,Concluido,8.0,2026-08-06
dayan.freitas@twygo.com,Fábrica Twygo,Lideranca,Lideranca de times,6,Concluido,9.0,2026-04-12
shaiane.borges@artia.com,Sem area no perfil,Dados,Excel para analise,8,Concluido,9.4,2026-03-26
usuario5977762@anonimizado.com,Sem area no perfil,Seguranca,Seguranca da informacao,4,Concluido,8.6,2026-03-26
usuário5488153@anonimizado.com,Sem area no perfil,Qualidade,Testes automatizados,8,Concluido,7.5,2026-03-04
claudio.muller@twygo.com,Sucesso do Cliente,Atendimento,Comunicacao com clientes,6,Em andamento,8.1,2026-04-14
usuário5488153@anonimizado.com,Sem area no perfil,Seguranca,Seguranca da informacao,4,Em andamento,7.3,2026-09-15
adriana.goncalves@teste123.com,Sem area no perfil,Dados,Indicadores de sucesso,4,Concluido,9.1,2026-09-15
rodrigo.giraldi@twygo.com,Marketing,Dados,Excel para analise,16,Em andamento,5.4,2026-08-07
francisco.costa@twygo.com,Qualidade e Testes,Processos,Melhoria continua,8,Em andamento,6.9,2026-04-19
karin.rosario@twygo.com,Backoffice,Processos,Melhoria continua,4,Concluido,8.7,2026-08-10
gesieli.medeiros@twygo.com,Qualificação,Dados,Excel para analise,8,Concluido,9.1,2026-05-15
raisa.gomes@twygo.com,Atendimento,Vendas,Playbook comercial consultivo,4,Concluido,7.3,2026-03-26
jackson.rovina@twygo.com,Diretoria Executiva,Qualidade,Testes automatizados,4,Concluido,6.6,2026-07-20
adriana.goncalves@teste.com,Sem area no perfil,Seguranca,LGPD na pratica,10,Concluido,9.3,2026-03-16
ana.nienov@twygo.com,Sem area no perfil,Lideranca,Feedback e desenvolvimento,4,Concluido,6.9,2026-05-25
loren.etchart@twygo.com,Fábrica Twygo,Lideranca,Feedback e desenvolvimento,6,Em andamento,8.1,2026-07-06
daniela.ghidini@artia.com,Sem area no perfil,Lideranca,Lideranca de times,16,Concluido,7.0,2026-03-07
jessica.sampaio@artia.com,Sem area no perfil,Dados,Dashboards na pratica,6,Concluido,9.6,2026-07-19
david.behling@artia.com,Sem area no perfil,Onboarding,Ferramentas do dia a dia,6,Concluido,7.6,2026-05-01
alexandre.grawe@twygo.com,Sem area no perfil,Processos,Gestao de processos,6,Concluido,6.6,2026-04-05
milles.schroeder@twygo.com,Arquitetura tecnológica,Onboarding,Ferramentas do dia a dia,2,Concluido,8.1,2026-05-11
fernando.nobre@twygo.com,Sem area no perfil,Seguranca,Seguranca da informacao,4,Concluido,9.7,2026-03-14
bruna.marques@twygo.com,Awareness & Branding,Processos,Cadastro e governanca,2,Concluido,8.0,2026-08-23
teste@teste.com.br,Sem area no perfil,Processos,Gestao de processos,10,Concluido,6.8,2026-04-21
gabriel.coelho@twygo.com,Desenvolvimento,Lideranca,Lideranca de times,2,Concluido,6.8,2026-03-25
usuario3007658@anonimizado.com,Sem area no perfil,Produto,Desenho de solucoes,4,Concluido,9.4,2026-06-25
luis.donato@twygo.com,Atendimento,Lideranca,Lideranca de times,6,Concluido,9.6,2026-08-25
gabriel.oliveira@twygo.com,Sem area no perfil,Onboarding,Trilha boas-vindas,4,Concluido,7.9,2026-03-23
novouser123@email.com,Nível 2.1,Dados,Excel para analise,10,Concluido,7.1,2026-07-24
eliza.alves@twygo.com,CS Twygo,Onboarding,Ferramentas do dia a dia,12,Concluido,9.7,2026-05-11
loren.etchart@twygo.com,Fábrica Twygo,Lideranca,Lideranca de times,8,Concluido,8.4,2026-06-03
jessica.sampaio@artia.com.br,Sem area no perfil,Lideranca,Lideranca de times,4,Concluido,8.3,2026-04-03
vitoria.nogueira@twygo.com,Vendas,Seguranca,LGPD na pratica,12,Concluido,7.0,2026-09-15
fernando.santos@twygo.com,Soluções,Produto,Desenho de solucoes,2,Concluido,9.5,2026-03-17
eduardo.siqueira@artia.com,Sem area no perfil,Qualidade,Boas praticas digitais,4,Em andamento,5.9,2026-06-29
roberta.garcia@twygo.com,Vendas,Qualidade,Boas praticas digitais,8,Concluido,8.3,2026-06-15
maximilian.vartuli@twygo.com,Engenharia de produto,Lideranca,Feedback e desenvolvimento,2,Concluido,6.7,2026-08-02
roberta.garcia@twygo.com,Vendas,Dados,Excel para analise,6,Concluido,6.7,2026-05-06
eduardo.silveira@twygo.com,Sem area no perfil,Seguranca,LGPD na pratica,4,Em andamento,6.5,2026-03-30
brunna.pimenta@twygo.com,Design de Marketing,Lideranca,Lideranca de times,8,Em andamento,8.0,2026-07-10
victor.hoffmann@twygo.com,Dados e Hubspot,Qualidade,Testes automatizados,8,Concluido,7.6,2026-04-18
adriane.ribeiro@twygo.com,Fábrica Twygo,Qualidade,Boas praticas digitais,6,Em andamento,6.4,2026-04-18
christofer.bastos@twygo.com,Atendimento,Lideranca,Lideranca de times,8,Concluido,6.5,2026-06-04
adriana.goncalves@twygo.com,Produto e  Qualidade,Processos,Gestao de processos,10,Concluido,7.9,2026-09-01
usuario5250641@anonimizado.com,Sem area no perfil,Seguranca,Seguranca da informacao,8,Concluido,9.8,2026-08-08
sheyla.pereira@twygo.com,Financeiro,Seguranca,Seguranca da informacao,4,Concluido,7.6,2026-08-18
pessoa08@anonimizado.com,Financeiro,Processos,Melhoria continua,12,Concluido,9.9,2026-07-04
fabiani.andrade@twygo.com,Engajamento,Dados,Indicadores de sucesso,4,Concluido,6.7,2026-06-09
hschmeller@euax.com.br,Sem area no perfil,Produto,Desenho de solucoes,12,Concluido,6.7,2026-09-12
giovanne.bergstein@twygo.com,REVOPS,Onboarding,Ferramentas do dia a dia,8,Concluido,9.3,2026-08-11
fabiani.andrade@twygo.com,Engajamento,Dados,Excel para analise,6,Concluido,6.7,2026-07-13
leandro.silva@twygo.com,Sem area no perfil,Lideranca,Lideranca de times,8,Concluido,7.3,2026-06-24
jayne.foizer@twygo.com,Financeiro,Onboarding,Cultura Twygo,2,Concluido,7.4,2026-08-25
jessica.woiciski@twygo.com,Recursos Humanos,Atendimento,Comunicacao com clientes,6,Em andamento,5.5,2026-07-11
leandro.silva@twygo.com,Sem area no perfil,Produto,Desenho de solucoes,4,Concluido,9.3,2026-07-03
thiago.monteiro@twygo.com,Sucesso do Cliente,Vendas,Proposta de valor,6,Concluido,8.0,2026-04-02
douglas.utzig@twygo.com,Sem area no perfil,Processos,Melhoria continua,12,Concluido,8.0,2026-04-02
loren.etchart@twygo.com,Fábrica Twygo,Vendas,Negociacao positiva,2,Concluido,9.2,2026-04-10
lucas.santos@artia.com,Sem area no perfil,Onboarding,Trilha boas-vindas,2,Concluido,9.1,2026-07-24
vinicius.coelho@twygo.com,Desenvolvimento,Dados,Indicadores de sucesso,4,Em andamento,8.5,2026-06-23
jeiel.oliveira@twygo.com,Desenvolvimento,Seguranca,Seguranca da informacao,6,Concluido,8.0,2026-06-04
usuario4996460@anonimizado.com,CS Twygo,Seguranca,LGPD na pratica,10,Concluido,6.6,2026-03-26
usuario4893393@anonimizado.com,Fábrica Twygo,Onboarding,Cultura Twygo,4,Em andamento,6.4,2026-06-09
raphaela.carvalho@twygo.com,CS Twygo,Dados,Indicadores de sucesso,8,Em andamento,7.0,2026-07-07
matheus.almeida@twygo.com,Sem area no perfil,Lideranca,Lideranca de times,16,Concluido,8.2,2026-05-20
vinicius.lisboa@twygo.com,Sustentação,Atendimento,Experiencia do cliente,6,Em andamento,6.9,2026-04-26
carlos.clemente@twygo.com,Sem area no perfil,Vendas,Proposta de valor,2,Concluido,7.4,2026-07-01
angelica.budziak@twygo.com,Engenharia de produto,Seguranca,Seguranca da informacao,4,Em andamento,5.2,2026-08-06
fabiani.andrade@twygo.com,Engajamento,Atendimento,Comunicacao com clientes,10,Concluido,7.5,2026-05-12
christofer.bastos@twygo.com,Atendimento,Dados,Indicadores de sucesso,6,Concluido,7.3,2026-03-30
jessica.lima@twygo.com,Gestão de conteúdo,Produto,Descoberta de produto,12,Concluido,10.0,2026-08-09
pamela.mariano@twygo.com,Qualificação,Processos,Melhoria continua,4,Concluido,9.4,2026-05-18
alexandre.simao@twygo.com,Sem area no perfil,Onboarding,Cultura Twygo,4,Concluido,7.7,2026-04-02
pessoa03@anonimizado.com,Marketing,Vendas,Playbook comercial consultivo,12,Concluido,8.9,2026-03-15
milena.silva@twygo.com,Vendas,Lideranca,Lideranca de times,4,Concluido,7.8,2026-06-19
viniciuslisboa1001@gmail.com,Nível 1,Qualidade,Testes automatizados,6,Concluido,6.5,2026-05-25
karinprosario@hotmail.com,Sem area no perfil,Seguranca,Seguranca da informacao,4,Concluido,9.3,2026-06-04
karla.oliveira@twygo.com,Qualidade e Testes,Dados,Excel para analise,12,Concluido,7.2,2026-04-21
contato@victorgluz.com.br,Sem area no perfil,Qualidade,Testes automatizados,10,Em andamento,5.4,2026-04-12
guilherme.goncalves@twygo.com,Dados e Hubspot,Qualidade,Testes automatizados,4,Concluido,9.9,2026-07-05
felipe.hansen@twygo.com,Desenvolvimento,Dados,Excel para analise,6,Concluido,8.7,2026-08-22
carlos.pereira@artia.com,Sem area no perfil,Produto,Descoberta de produto,2,Concluido,6.8,2026-08-11
biadmin@twygo.com,Arquitetura tecnológica,Vendas,Proposta de valor,4,Concluido,9.3,2026-03-01
usuario6078644@anonimizado.com,Sem area no perfil,Lideranca,Lideranca de times,4,Concluido,9.3,2026-06-23
francisco.costa@twygo.com,Qualidade e Testes,Processos,Melhoria continua,8,Concluido,9.9,2026-07-11
gabriela.bojarski@twygo.com,Soluções,Vendas,Playbook comercial consultivo,2,Concluido,7.2,2026-08-31
daniela.ghidini@twygo.com,Sem area no perfil,Lideranca,Feedback e desenvolvimento,8,Concluido,7.4,2026-06-07
erika.ribeiro@fleeg.com,CS Twygo,Produto,Descoberta de produto,12,Em andamento,6.1,2026-07-15
milena.silva@twygo.com,Vendas,Produto,Desenho de solucoes,10,Concluido,6.7,2026-06-03
usuario@euax.com.br,Sem area no perfil,Produto,Desenho de solucoes,4,Concluido,6.8,2026-08-08
lukvasques@gmail.com,Sem area no perfil,Produto,Descoberta de produto,6,Em andamento,7.9,2026-07-04
jessica.gondim@twygo.com,Sem area no perfil,Seguranca,LGPD na pratica,10,Concluido,6.7,2026-06-14
guilherme.goncalves@twygo.com,Dados e Hubspot,Lideranca,Lideranca de times,10,Concluido,8.9,2026-08-10
henrique.schmeller@twygo.com,Sem area no perfil,Qualidade,Boas praticas digitais,16,Concluido,6.6,2026-03-31
usuario4893365@anonimizado.com,Fábrica Twygo,Produto,Desenho de solucoes,4,Concluido,8.0,2026-03-27
alexandre.grawe@twygo.com,Sem area no perfil,Dados,Indicadores de sucesso,12,Concluido,9.4,2026-05-07
lucas.moraes@twygo.com,Vendas,Vendas,Proposta de valor,8,Concluido,8.7,2026-07-12
vitoria.nogueira@twygo.com,Vendas,Vendas,Negociacao positiva,4,Concluido,7.7,2026-07-03
christofer.bastos@twygo.com,Atendimento,Dados,Excel para analise,8,Concluido,7.4,2026-03-31
jadson.santos@twygo.com,Fábrica Twygo,Lideranca,Lideranca de times,4,Em andamento,5.2,2026-09-05
luis.donato@twygo.com,Atendimento,Vendas,Proposta de valor,6,Concluido,7.4,2026-04-04
mariana.sousa@twygo.com,Soluções,Vendas,Negociacao positiva,8,Concluido,8.5,2026-04-10
suelen.andrade@twygo.com,Gestão de assinaturas,Onboarding,Cultura Twygo,4,Concluido,8.4,2026-04-29
matheus.zeferino@artia.com,Sem area no perfil,Lideranca,Lideranca de times,8,Em andamento,7.9,2026-06-07
fernando.santos@twygo.com,Soluções,Vendas,Negociacao positiva,8,Concluido,8.6,2026-05-20
jessica.sampaio@artia.com,Sem area no perfil,Dados,Dashboards na pratica,8,Concluido,7.5,2026-09-06
vinicius.barbosa@artia.com,Sem area no perfil,Produto,Desenho de solucoes,10,Concluido,7.0,2026-04-21
tabubanet@gmail.com,Sem area no perfil,Atendimento,Comunicacao com clientes,4,Concluido,9.9,2026-06-27
vinicius.barbosa@artia.com,Sem area no perfil,Qualidade,Testes automatizados,4,Concluido,9.6,2026-08-18
bruna.pfaffenzeller@twygo.com,RevOps,Lideranca,Lideranca de times,6,Em andamento,8.0,2026-07-17
usuário5488153@anonimizado.com,Sem area no perfil,Dados,Dashboards na pratica,12,Concluido,9.0,2026-04-10
maximilian.vartuli@twygo.com,Engenharia de produto,Lideranca,Feedback e desenvolvimento,6,Concluido,7.6,2026-08-16
usuario6144863@anonimizado.com,Sem area no perfil,Vendas,Proposta de valor,16,Em andamento,6.3,2026-03-13
eduardo.siqueira@artia.com,Sem area no perfil,Qualidade,Testes automatizados,2,Concluido,9.4,2026-08-25
ascendino.junior@twygo.com,Sem area no perfil,Lideranca,Feedback e desenvolvimento,6,Concluido,7.5,2026-03-22
fernando.nobre@twygo.com,Sem area no perfil,Dados,Indicadores de sucesso,6,Em andamento,7.4,2026-03-31
matheus.almeida@twygo.com,Sem area no perfil,Qualidade,Boas praticas digitais,8,Em andamento,5.8,2026-06-22
amauri.junior@twygo.com,Engenharia de produto,Lideranca,Feedback e desenvolvimento,10,Concluido,8.5,2026-04-23
felipe.simoneto@artia.com,Sem area no perfil,Produto,Desenho de solucoes,2,Concluido,6.6,2026-07-29
alice.gadotti@twygo.com,Sem area no perfil,Qualidade,Boas praticas digitais,6,Concluido,9.2,2026-09-17
aluno@twygo.com,Sem area no perfil,Lideranca,Feedback e desenvolvimento,8,Concluido,7.2,2026-05-26
samantha.lourdes@twygo.com,Sem area no perfil,Processos,Cadastro e governanca,6,Em andamento,8.4,2026-03-04
pamela.mariano@twygo.com,Qualificação,Dados,Excel para analise,10,Concluido,9.9,2026-03-14
adrii.agoncalves@gmail.com,Nível 2.1,Seguranca,LGPD na pratica,2,Concluido,9.2,2026-07-09
usuario3264122@anonimizado.com,Sucesso do Cliente,Onboarding,Ferramentas do dia a dia,6,Concluido,8.3,2026-03-09
poliana.pirovoski@twygo.com,Engajamento,Atendimento,Comunicacao com clientes,8,Concluido,9.4,2026-07-19
gabriel.oliveira@twygo.com,Sem area no perfil,Qualidade,Testes automatizados,6,Concluido,8.6,2026-04-04
usuario5112964@anonimizado.com,Sem area no perfil,Qualidade,Boas praticas digitais,8,Em andamento,7.7,2026-05-14
pessoa09@anonimizado.com,Atendimento,Lideranca,Feedback e desenvolvimento,4,Concluido,9.5,2026-07-07
lider-de-equipe@twygo.com,Sem area no perfil,Dados,Indicadores de sucesso,4,Em andamento,5.2,2026-03-06
jadson.cardoso@artia.com,Sem area no perfil,Dados,Excel para analise,10,Concluido,8.9,2026-08-09
pessoa07@anonimizado.com,Marketing,Atendimento,Jornada do cliente,4,Concluido,9.3,2026-08-09
pessoa04@anonimizado.com,Financeiro,Vendas,Proposta de valor,16,Concluido,6.6,2026-04-20
vinicius.coelho@twygo.com,Desenvolvimento,Lideranca,Lideranca de times,6,Concluido,7.2,2026-08-23
usuario3391640@anonimizado.com,Sem area no perfil,Dados,Dashboards na pratica,4,Concluido,6.9,2026-04-01
lukvasques@gmail.com,Sem area no perfil,Onboarding,Trilha boas-vindas,6,Concluido,8.5,2026-03-15
george.maluf@twygo.com,Desenvolvimento,Seguranca,Seguranca da informacao,8,Concluido,6.5,2026-06-20
usuario6144863@anonimizado.com,Sem area no perfil,Produto,Descoberta de produto,6,Concluido,8.3,2026-05-07
adriana.goncalves@teste.com,Sem area no perfil,Processos,Cadastro e governanca,10,Concluido,9.6,2026-08-18
arthur.melo@twygo.com,Sem area no perfil,Produto,Desenho de solucoes,12,Concluido,7.0,2026-07-06
viniciuslisboa1001@gmail.com,Nível 1,Seguranca,LGPD na pratica,10,Em andamento,5.6,2026-03-22
giovana.niehues@artia.com,Sem area no perfil,Vendas,Proposta de valor,8,Concluido,8.7,2026-05-07
suelen.andrade@twygo.com,Gestão de assinaturas,Vendas,Proposta de valor,4,Concluido,7.5,2026-08-25
keila.werle@twygo.com,Sem area no perfil,Processos,Melhoria continua,8,Concluido,7.9,2026-09-05
milena.silva@twygo.com,Vendas,Processos,Cadastro e governanca,16,Em andamento,5.6,2026-03-17
dante.tavares@twygo.com,Qualidade e Testes,Atendimento,Comunicacao com clientes,4,Concluido,8.1,2026-09-06
eric.araujo@twygo.com,Sem area no perfil,Onboarding,Trilha boas-vindas,2,Concluido,9.5,2026-08-10
everton.gambeta@fleeg.com,Nível 1,Qualidade,Boas praticas digitais,4,Concluido,6.6,2026-08-05
usuario2976214@anonimizado.com,Sem area no perfil,Produto,Desenho de solucoes,10,Concluido,9.0,2026-08-17
vinicius.barbosa@artia.com,Sem area no perfil,Seguranca,LGPD na pratica,10,Concluido,9.6,2026-09-04
hiago.zanoni@twygo.com,CS Twygo,Lideranca,Lideranca de times,4,Concluido,7.6,2026-04-27
fernando.santos@twygo.com,Soluções,Onboarding,Cultura Twygo,6,Concluido,9.2,2026-08-01
sabrina.alexcia@twygo.com,CS Twygo,Lideranca,Lideranca de times,16,Concluido,8.0,2026-06-16
rodrigo.giraldi@twygo.com,Marketing,Seguranca,Seguranca da informacao,10,Concluido,7.3,2026-04-08
alex.ortelan@artia.com,Sem area no perfil,Atendimento,Jornada do cliente,16,Em andamento,7.0,2026-09-13
usuario4893236@anonimizado.com,Fábrica Twygo,Atendimento,Experiencia do cliente,8,Em andamento,5.8,2026-06-16
jessica.simas@twygo.com,Engajamento,Processos,Cadastro e governanca,8,Em andamento,7.1,2026-07-17
luiza.camargo@artia.com,Sem area no perfil,Seguranca,LGPD na pratica,8,Concluido,8.5,2026-08-20
julia.seger@twygo.com,Dados e Hubspot,Qualidade,Boas praticas digitais,16,Em andamento,7.3,2026-06-13
usuario3007658@anonimizado.com,Sem area no perfil,Atendimento,Comunicacao com clientes,4,Concluido,10.0,2026-04-29
alexandre.simao@twygo.com,Sem area no perfil,Dados,Indicadores de sucesso,10,Concluido,7.8,2026-03-07
hschmeller@euax.com.br,Sem area no perfil,Produto,Desenho de solucoes,6,Concluido,7.6,2026-05-23
pessoa01@anonimizado.com,Marketing,Seguranca,LGPD na pratica,6,Concluido,6.8,2026-03-28
victor.bonjour@twygo.com,Awareness & Branding,Onboarding,Trilha boas-vindas,16,Em andamento,7.2,2026-06-30
hiago.zanoni@twygo.com,CS Twygo,Vendas,Negociacao positiva,6,Concluido,9.7,2026-08-07
usuario3469220@anonimizado.com,Sucesso do Cliente,Seguranca,Seguranca da informacao,2,Concluido,9.2,2026-06-26
daniela.ghidini@twygo.com,Sem area no perfil,Vendas,Negociacao positiva,8,Concluido,8.5,2026-07-09
shaiane.borges@artia.com,Sem area no perfil,Seguranca,LGPD na pratica,6,Concluido,9.4,2026-05-22
usuario3258666@anonimizado.com,Sem area no perfil,Vendas,Negociacao positiva,16,Concluido,9.0,2026-04-27
gustavo.dias@twygo.com,Tecnologia,Lideranca,Lideranca de times,12,Concluido,7.7,2026-04-15
adriana.goncalves@twygo.com,Produto e  Qualidade,Vendas,Proposta de valor,6,Concluido,9.3,2026-04-13
nayara.luchetti@twygo.com,Sem area no perfil,Atendimento,Jornada do cliente,6,Concluido,7.9,2026-05-08
usuario3469220@anonimizado.com,Sucesso do Cliente,Vendas,Proposta de valor,8,Concluido,9.3,2026-05-20
daniely.bremen@artia.com,Sem area no perfil,Processos,Melhoria continua,6,Em andamento,6.4,2026-07-28
danilo.machado@twygo.com,Fábrica Twygo,Seguranca,Seguranca da informacao,6,Concluido,6.8,2026-06-25
usuario3285710@anonimizado.com,Sucesso do Cliente,Vendas,Playbook comercial consultivo,16,Concluido,7.7,2026-03-06
hiago.zanoni@twygo.com,CS Twygo,Lideranca,Lideranca de times,6,Em andamento,8.4,2026-08-21
pessoa10@anonimizado.com,Financeiro,Lideranca,Lideranca de times,2,Concluido,7.6,2026-03-07
aluno@twygo.com,Sem area no perfil,Onboarding,Cultura Twygo,2,Concluido,9.9,2026-03-05
iara.santos@twygo.com,Soluções,Onboarding,Ferramentas do dia a dia,2,Concluido,8.2,2026-06-10
daniela.ghidini@artia.com,Sem area no perfil,Dados,Indicadores de sucesso,12,Concluido,9.3,2026-07-18
gustavo.araujo@twygo.com,REVOPS,Atendimento,Experiencia do cliente,10,Concluido,7.6,2026-03-08
usuario3285710@anonimizado.com,Sucesso do Cliente,Vendas,Proposta de valor,12,Concluido,9.5,2026-03-04
giovana.niehues@artia.com,Sem area no perfil,Seguranca,LGPD na pratica,4,Em andamento,6.1,2026-09-11
pessoa05@anonimizado.com,Atendimento,Qualidade,Boas praticas digitais,2,Concluido,8.9,2026-06-25
everton.gambeta@twygo.com,Qualidade e Testes,Onboarding,Cultura Twygo,12,Concluido,9.2,2026-05-10
george.maluf@twygo.com,Desenvolvimento,Onboarding,Ferramentas do dia a dia,8,Concluido,6.7,2026-04-22
douglas.utzig@twygo.com,Sem area no perfil,Seguranca,Seguranca da informacao,12,Concluido,8.5,2026-08-05
alex.ortelan@artia.com,Sem area no perfil,Produto,Descoberta de produto,12,Concluido,9.0,2026-04-25
gesieli.medeiros@twygo.com,Qualificação,Seguranca,LGPD na pratica,8,Concluido,8.7,2026-09-15
usuario6018221@anonimizado.com,Sem area no perfil,Dados,Dashboards na pratica,8,Em andamento,7.9,2026-08-02
suelen.andrade@twygo.com,Gestão de assinaturas,Lideranca,Feedback e desenvolvimento,4,Em andamento,6.7,2026-09-04
usuario4996461@anonimizado.com,CS Twygo,Seguranca,Seguranca da informacao,2,Concluido,7.4,2026-06-29
erika.ribeiro@fleeg.com,CS Twygo,Seguranca,Seguranca da informacao,4,Concluido,7.3,2026-06-13
sabrina.alexcia@twygo.com,CS Twygo,Atendimento,Experiencia do cliente,10,Concluido,9.6,2026-06-26
usuario3285710@anonimizado.com,Sucesso do Cliente,Lideranca,Lideranca de times,2,Concluido,9.5,2026-03-10
victor.goncalves@artia.com,Sem area no perfil,Produto,Descoberta de produto,16,Concluido,9.6,2026-04-20
pessoa09@anonimizado.com,Marketing,Vendas,Proposta de valor,12,Em andamento,7.6,2026-04-04
pessoa07@anonimizado.com,Atendimento,Seguranca,Seguranca da informacao,6,Concluido,9.4,2026-05-18
raisa.gomes@twygo.com,Atendimento,Vendas,Negociacao positiva,8,Concluido,8.1,2026-07-25
keila.werle@twygo.com,Sem area no perfil,Produto,Desenho de solucoes,6,Concluido,6.6,2026-04-14
guilherme.freudenburg@twygo.com,Desenvolvimento,Lideranca,Feedback e desenvolvimento,12,Em andamento,7.1,2026-03-19
pessoa06@anonimizado.com,Atendimento,Lideranca,Feedback e desenvolvimento,4,Em andamento,5.6,2026-04-11
anapaula.reis@twygo.com,Atendimento,Produto,Desenho de solucoes,6,Em andamento,7.2,2026-03-18
anapaula.reis@twygo.com,Atendimento,Atendimento,Comunicacao com clientes,4,Concluido,8.6,2026-06-15
mateus.zandonadi@twygo.com,Fábrica Twygo,Produto,Descoberta de produto,8,Em andamento,5.5,2026-06-21
carlos.clemente@twygo.com,Sem area no perfil,Dados,Dashboards na pratica,6,Concluido,7.4,2026-04-23
eric.araujo@twygo.com,Sem area no perfil,Processos,Melhoria continua,6,Em andamento,5.9,2026-08-14
jackson.rovina@twygo.com,Diretoria Executiva,Seguranca,LGPD na pratica,6,Concluido,6.8,2026-07-10
eduardo.silveira@twygo.com,Sem area no perfil,Seguranca,LGPD na pratica,4,Concluido,7.1,2026-09-10
usuario5977762@anonimizado.com,Sem area no perfil,Atendimento,Jornada do cliente,8,Concluido,9.1,2026-04-20
usuario5112964@anonimizado.com,Sem area no perfil,Onboarding,Trilha boas-vindas,16,Em andamento,7.7,2026-08-31
usuario4996460@anonimizado.com,CS Twygo,Lideranca,Lideranca de times,6,Concluido,8.8,2026-08-11
victor.bonjour@twygo.com,Awareness & Branding,Onboarding,Cultura Twygo,12,Em andamento,7.9,2026-06-26
lider-de-equipe@twygo.com,Sem area no perfil,Onboarding,Cultura Twygo,16,Concluido,7.3,2026-04-07
adriana.goncalves@teste123.com,Sem area no perfil,Atendimento,Jornada do cliente,10,Concluido,8.0,2026-04-02
karinprosario@hotmail.com,Sem area no perfil,Lideranca,Lideranca de times,4,Concluido,8.7,2026-05-13
thiago.monteiro@twygo.com,Sucesso do Cliente,Processos,Gestao de processos,12,Concluido,9.2,2026-03-13
bruna.marques@twygo.com,Awareness & Branding,Produto,Descoberta de produto,16,Em andamento,6.0,2026-06-16
karla.oliveira@twygo.com,Qualidade e Testes,Qualidade,Boas praticas digitais,8,Concluido,7.8,2026-07-26
maximilian.vartuli@twygo.com,Engenharia de produto,Dados,Excel para analise,10,Concluido,9.4,2026-06-25
victor.hoffmann@twygo.com,Dados e Hubspot,Seguranca,LGPD na pratica,2,Concluido,7.9,2026-08-03
brunna.pimenta@twygo.com,Design de Marketing,Seguranca,LGPD na pratica,8,Concluido,8.7,2026-05-12
usuario5977762@anonimizado.com,Sem area no perfil,Seguranca,Seguranca da informacao,6,Concluido,6.6,2026-07-21
usuario3470223@anonimizado.com,Tecnologia,Processos,Cadastro e governanca,8,Concluido,8.0,2026-03-14
usuario2976214@anonimizado.com,Sem area no perfil,Vendas,Negociacao positiva,16,Concluido,6.8,2026-03-12
jeiel.oliveira@twygo.com,Desenvolvimento,Lideranca,Feedback e desenvolvimento,4,Em andamento,5.1,2026-09-14
slourdes@twygo.com,Sem area no perfil,Lideranca,Lideranca de times,10,Concluido,8.2,2026-08-16
leandro.pierin@artia.com,Sem area no perfil,Onboarding,Ferramentas do dia a dia,2,Concluido,8.8,2026-05-21
mateus.zandonadi@twygo.com,Fábrica Twygo,Lideranca,Feedback e desenvolvimento,12,Concluido,9.6,2026-08-12
daniela.ghidini@artia.com,Sem area no perfil,Lideranca,Feedback e desenvolvimento,10,Concluido,9.7,2026-04-12
lukvasques@gmail.com,Sem area no perfil,Dados,Excel para analise,8,Concluido,8.1,2026-03-24
victor.bonjour@twygo.com,Awareness & Branding,Produto,Desenho de solucoes,16,Concluido,8.8,2026-07-08
jadson.santos@twygo.com,Fábrica Twygo,Lideranca,Lideranca de times,6,Concluido,9.1,2026-03-16
johnny.santos@twygo.com,Sem area no perfil,Dados,Indicadores de sucesso,2,Em andamento,8.2,2026-08-31
adriane.ribeiro@twygo.com,Fábrica Twygo,Dados,Dashboards na pratica,10,Em andamento,7.2,2026-09-06
pessoa01@anonimizado.com,Atendimento,Qualidade,Boas praticas digitais,8,Em andamento,7.3,2026-09-12
giovana.niehues@artia.com,Sem area no perfil,Lideranca,Feedback e desenvolvimento,8,Concluido,9.9,2026-06-15
pessoa02@anonimizado.com,Atendimento,Dados,Indicadores de sucesso,2,Em andamento,7.1,2026-03-15
jadson.cardoso@artia.com,Sem area no perfil,Seguranca,LGPD na pratica,4,Concluido,7.8,2026-03-25
matheus.horongoso@artia.com,Sem area no perfil,Lideranca,Lideranca de times,16,Concluido,9.8,2026-05-08
viniciuslisboa1001@gmail.com,Nível 1,Processos,Cadastro e governanca,10,Concluido,6.6,2026-03-08
shirley.nascimento@twygo.com,Qualificação,Produto,Descoberta de produto,4,Em andamento,5.9,2026-03-19
eduardo.siqueira@artia.com,Sem area no perfil,Dados,Dashboards na pratica,4,Concluido,7.9,2026-05-27
guilherme.goncalves@twygo.com,Dados e Hubspot,Qualidade,Boas praticas digitais,6,Concluido,7.0,2026-06-05
jessica.lima@twygo.com,Gestão de conteúdo,Produto,Descoberta de produto,6,Em andamento,8.2,2026-08-10
alice.gadotti@twygo.com,Sem area no perfil,Processos,Cadastro e governanca,4,Concluido,9.9,2026-04-23
fabiane.lima@twygo.com,Estratégia de negócio/PMM,Onboarding,Cultura Twygo,6,Em andamento,5.2,2026-07-08
mariana.sousa@fleeg.com,Nível 1,Processos,Cadastro e governanca,10,Concluido,8.5,2026-03-11
anacarolina.caetano@twygo.com,Sucesso do Cliente,Vendas,Negociacao positiva,8,Em andamento,8.3,2026-07-03
vitoria.nogueira@twygo.com,Vendas,Dados,Indicadores de sucesso,4,Concluido,9.3,2026-03-01
luis.amorim@twygo.com,Fábrica Twygo,Lideranca,Feedback e desenvolvimento,2,Concluido,8.8,2026-03-02
ana.nienov@twygo.com,Sem area no perfil,Processos,Cadastro e governanca,12,Concluido,7.2,2026-07-27
jeiel.oliveira@twygo.com,Desenvolvimento,Produto,Desenho de solucoes,10,Em andamento,6.0,2026-03-24
dayan.freitas@twygo.com,Fábrica Twygo,Seguranca,LGPD na pratica,4,Concluido,6.6,2026-04-04
heitor.passos@twygo.com,Sem area no perfil,Qualidade,Boas praticas digitais,12,Concluido,7.4,2026-06-29
erika.ribeiro@fleeg.com,CS Twygo,Onboarding,Trilha boas-vindas,16,Em andamento,6.9,2026-08-31
matheus.mazepa@twygo.com,Arquitetura tecnológica,Vendas,Playbook comercial consultivo,12,Concluido,9.2,2026-07-18
bruna.pfaffenzeller@twygo.com,RevOps,Vendas,Proposta de valor,8,Em andamento,7.0,2026-08-27
jayne.foizer@twygo.com,Financeiro,Qualidade,Testes automatizados,10,Concluido,8.0,2026-07-01
nayara.luchetti@twygo.com,Sem area no perfil,Dados,Excel para analise,6,Concluido,9.9,2026-08-05
usuario4893236@anonimizado.com,Fábrica Twygo,Onboarding,Trilha boas-vindas,2,Concluido,7.2,2026-07-08
george.maluf@twygo.com,Desenvolvimento,Vendas,Negociacao positiva,16,Concluido,7.9,2026-08-06
pessoa04@anonimizado.com,Financeiro,Atendimento,Jornada do cliente,12,Concluido,7.6,2026-04-09
gabriela.bojarski@twygo.com,Soluções,Qualidade,Boas praticas digitais,6,Concluido,7.2,2026-04-23
usuario4893365@anonimizado.com,Fábrica Twygo,Vendas,Proposta de valor,2,Concluido,6.5,2026-08-04
adriana.goncalves@teste.com,Sem area no perfil,Dados,Excel para analise,12,Concluido,7.4,2026-06-08
daniela.ghidini@twygo.com,Sem area no perfil,Lideranca,Feedback e desenvolvimento,10,Concluido,8.5,2026-07-27
iara.santos@twygo.com,Soluções,Processos,Gestao de processos,6,Concluido,6.8,2026-06-12
pessoa05@anonimizado.com,Financeiro,Vendas,Proposta de valor,2,Em andamento,6.8,2026-05-18
adrii.agoncalves@gmail.com,Nível 2.1,Dados,Indicadores de sucesso,16,Concluido,7.9,2026-08-16
shirley.nascimento@twygo.com,Qualificação,Produto,Desenho de solucoes,6,Concluido,7.0,2026-05-06
francisco.costa@twygo.com,Qualidade e Testes,Vendas,Playbook comercial consultivo,6,Concluido,9.6,2026-04-27
biadmin@twygo.com,Arquitetura tecnológica,Atendimento,Experiencia do cliente,16,Concluido,9.8,2026-03-11
luiza.camargo@artia.com,Sem area no perfil,Atendimento,Jornada do cliente,6,Em andamento,7.3,2026-09-02
claudio.muller@twygo.com,Sucesso do Cliente,Vendas,Proposta de valor,4,Concluido,8.8,2026-08-23
everton.gambeta@fleeg.com,Nível 1,Lideranca,Feedback e desenvolvimento,6,Em andamento,6.4,2026-03-10
sabrina.alexcia@twygo.com,CS Twygo,Dados,Dashboards na pratica,4,Em andamento,7.6,2026-04-19
